{
  "Omega": 1.8849555921538759,
  "Omega_eff": 1.3328648814475097,
  "T_pulse_unit": 4.714045207910317,
  "mode": "Schrodinger",
  "Gamma_decay": 0.0037699111843077517,
  "Gamma_dephasing": 0.007539822368615503,
  "distance_map": { "r1": 11.5, "r2": 13.4, "r3": 10.5 },
  "V_map": {
    "r1": 24.447549586677873,
    "r2": 9.767728679597463,
    "r3": 42.197486545246015
  },
  "delta_detuning_map": {
    "r1": -0.02,
    "r2": -0.2,
    "r3": -0.020999999999999852
  },
  "T_pulse_duration": { "r1": 0.45999999999999996, "r2": 0.465, "r3": 0.4575 }
}
